{
  "version": "v8l",
  "currentRatio": "9:16",
  "duration": 6,
  "easeAmount": 0,
  "easeMode": "global",
  "pauseDuration": 0,
  "loopEnabled": false,
  "frameCount": 2,
  "activeIdx": 0,
  "framesNorm": [
    {
      "nx": 0.02000000000000001,
      "ny": 0.1528692547969656,
      "nw": 0.52,
      "nh": 0.6942614904060688
    },
    {
      "nx": 0.4599999999999999,
      "ny": 0.1528692547969656,
      "nw": 0.52,
      "nh": 0.6942614904060688
    }
  ],
  "frameRotations": [
    0,
    0
  ],
  "frameLocked": [
    false,
    false
  ],
  "ctrlPts": [
    {
      "nx": 0.5,
      "ny": 0.5,
      "t": 0.5,
      "perpX": 0,
      "perpY": 0
    }
  ],
  "ctrlPtManual": [
    false
  ],
  "segDurations": [
    6
  ]
}