{
  "version": "v8i",
  "currentRatio": "9:16",
  "duration": 6,
  "easeAmount": 0,
  "easeMode": "global",
  "pauseDuration": 0,
  "loopEnabled": true,
  "frameCount": 3,
  "activeIdx": 1,
  "framesNorm": [
    {
      "nx": 0.07501618122977348,
      "ny": 0.12281911675741074,
      "nw": 0.52,
      "nh": 0.5184271022383545
    },
    {
      "nx": 0.07333333333333328,
      "ny": 0.43830611010284326,
      "nw": 0.52,
      "nh": 0.5184271022383545
    },
    {
      "nx": 0.43626752966558774,
      "ny": 0.2504658197217181,
      "nw": 0.52,
      "nh": 0.5184271022383545
    }
  ],
  "frameRotations": [
    -7.6,
    -3.8,
    0
  ],
  "frameLocked": [
    false,
    false,
    false
  ],
  "ctrlPts": [
    {
      "nx": 0.33417475728155344,
      "ny": 0.5397761645493043,
      "t": 0.5,
      "perpX": 0,
      "perpY": 0
    },
    {
      "nx": 0.5148004314994605,
      "ny": 0.603599516031458,
      "t": 0.5,
      "perpX": 0,
      "perpY": 0
    }
  ],
  "ctrlPtManual": [
    false,
    false
  ],
  "segDurations": [
    3,
    0.5
  ]
}