{
  "version": "v8r",
  "currentRatio": "9:16",
  "duration": 4,
  "easeAmount": 0,
  "easeMode": "global",
  "pauseDuration": 0,
  "loopEnabled": false,
  "frameCount": 2,
  "activeIdx": 0,
  "imageAR": 0.75,
  "imageARLabel": "3:4 retrato",
  "framesNorm": [
    {
      "nx": 0.27631550802139027,
      "ny": 0.12939580544399812,
      "nw": 0.49400000000000005,
      "nh": 0.6595484158857653
    },
    {
      "nx": 0.27488548350166464,
      "ny": 0.13173465713386023,
      "nw": 0.49450710786298074,
      "nh": 0.6602254648487453
    }
  ],
  "loopDuration": 1,
  "frameRotations": [
    -720,
    0
  ],
  "frameLocked": [
    false,
    false
  ],
  "ctrlPts": [
    {
      "nx": 0.5227272727272727,
      "ny": 0.46050870147255685,
      "t": 0.5,
      "perpX": 0,
      "perpY": 0
    }
  ],
  "ctrlPtManual": [
    false
  ],
  "segDurations": [
    4
  ],
  "segBlurSettings": []
}